100;Marie;test1;1;031cf3cd009c265b81
101;Sophie;test2;2;031cfa7d009bf91702
102;Maria;test3;3;031d1661009bd63681
103;Maximilian;test4;4;031d05e4009c1b1a82
104;Paul;test5;5;031cfb57009c233b81
105;Alexander;test6;6;031cf3cb009c263589
106;Elias;test7;7;031cfa87009bf9130e
107;Emilia;test8;8;031d151f009bd6e581
108;Mia;test9;9;031d05a6009c1ada82
109;Johanna;test10;10;031cfb64009c23748c
110;Ben;test11;11;031cf3cc009c262c81
111;Felix;test12;12;031cfaa5009bf8e601
112;Anna;test13;13;031d1640009bd60382
113;Noah;test14;14;031d05d1009c1b5b86
114;Charlotte;test15;15;031cfb8b009c235b81
115;Sophia;test16;16;031cf3d1009c263f81
116;Jonas;test17;17;031cfab0009bf92c01
117;Leon;test18;18;031cff75009c093e81
118;Anton;test19;19;031d168e009bd60782
119;Emma;test20;20;031d058d009c1ae682
120;Jakob;test21;21;031cfb7c009c236b81
121;Mila;test22;22;031cf3c4009c260681
122;Julian;test23;23;031cfa9f009bf8f501
123;David;test24;24;031d159a009bd65381
124;Emil;test25;25;031d05b8009c1b7281
125;Luca;test26;26;031cfb62009c239c81
126;Katharina;test27;27;031cf3b9009c25ee81
127;Luisa;test28;28;031cfaa4009bf92c01
128;Greta;test29;29;031d1619009bd60f81
129;Moritz;test30;30;031d00fe009c011181
130;Max;test31;31;031d0596009c1bf581
131;Leo;test32;32;031cfb72009c238581
132;Clara;test33;33;031cfac4009bf90101
133;Lina;test34;34;031cf3c4009c262881
134;Marlene;test35;35;031d15d1009bd60080
135;Jonathan;test36;36;031d05d3009c1b1283
136;Elif;test37;37;031cfb8c009c237b81
137;Samuel;test38;38;031cfa90009bf8d101
138;Ida;test39;39;031cf3c6009c260081
139;Lena;test40;40;031d161b009bd5e681
140;Benjamin;test41;41;031d05cc009c1afa83
141;Tom;test42;42;031cfb91009c238581
142;Jan;test43;43;031cfa13009bf80701
143;Julius;test44;44;031cf3c7009c25d582
144;Mats;test45;45;031d1585009bd65b82
145;Philipp;test46;46;031d05b0009c1b1291
146;Sofia;test47;47;031cfba0009c237881
147;Louis;test48;48;031cfacc009bf91d01
148;Lara;test49;49;031cf3c0009c25d081
149;Johannes;test50;50;031d1630009bd67d82
150;Amelie;test51;51;031d05e2009c1b1b82
151;Elisa;test52;52;031cfb9b009c235f81
152;Hanna;test53;53;031cfab5009bf8aa01
153;Hannah;test54;54;031cf3bd009c265581
154;Henri;test55;55;031d0134009c011281
155;Lea;test56;56;031d15e5009bd6f284
156;Finn;test57;57;031d05be009c1b0481
157;Leonie;test58;58;031cfba1009c237282
158;Johann;test59;59;031cfac7009bf91501
159;Carl;test60;60;031cf3b9009c25e681
